mouse_group,half_life,condition,,,,,,,,,,,,,,,,,,,,,,,
AJ,22.02145065,Ctrl,,,,,,,,,,,,,,,,,,,,,,,
AJ,11.13167567,Ctrl,,,,,,,,,,,,,,,,,,,,,,,
AJ,18.07801316,Ctrl,,,,,,,,,,,,,,,,,,,,,,,
AJ,14.12165228,Ctrl,,,,,,,,,,,,,,,,,,,,,,,
AJ,18.29632648,Ctrl,,,,,,,,,,,,,,,,,,,,,,,
AJ,16.91964705,Ctrl,,,,,,,,,,,,,,,,,,,,,,,
AJ,5.13126878,Ctrl,,,,,,,,,,,,,,,,,,,,,,,
AJ,23.14347848,Ctrl,,,,,,,,,,,,,,,,,,,,,,,
AJ,6.119802412,Ctrl,,,,,,,,,,,,,,,,,,,,,,,
AJ,14.34894229,Ctrl,,,,,,,,,,,,,,,,,,,,,,,
AJ,20.34509402,Ctrl,,,,,,,,,,,,,,,,,,,,,,,
AJ,12.42912029,Ctrl,,,,,,,,,,,,,,,,,,,,,,,
AJ,13.73302916,Ctrl,,,,,,,,,,,,,,,,,,,,,,,
AJ,23.00292638,Ctrl,,,,,,,,,,,,,,,,,,,,,,,
AJ,1.984295562,Ctrl,,,,,,,,,,,,,,,,,,,,,,,
AJ,8.556738767,Ctrl,,,,,,,,,,,,,,,,,,,,,,,
AJ,4.709904195,Ctrl,,,,,,,,,,,,,,,,,,,,,,,
AJ,#N/A,Ctrl,,,,,,,,,,,,,,,,,,,,,,,
AJ,9.533693426,Ctrl,,,,,,,,,,,,,,,,,,,,,,,
AJ,19.24179498,Ctrl,,,,,,,,,,,,,,,,,,,,,,,
AJ,#N/A,Ctrl,,,,,,,,,,,,,,,,,,,,,,,
AJ,20.86849859,Ctrl,,,,,,,,,,,,,,,,,,,,,,,
AJ,17.52008646,Ctrl,,,,,,,,,,,,,,,,,,,,,,,
AJ,8.505499553,Ctrl,,,,,,,,,,,,,,,,,,,,,,,
AJ,11.81494163,Ctrl,,,,,,,,,,,,,,,,,,,,,,,
AJ,#N/A,Ctrl,,,,,,,,,,,,,,,,,,,,,,,
AJ,#N/A,Ctrl,,,,,,,,,,,,,,,,,,,,,,,
AJ,24.97602668,Ctrl,,,,,,,,,,,,,,,,,,,,,,,
AJ,19.12024662,Ctrl,,,,,,,,,,,,,,,,,,,,,,,
AJ,21.48028078,Ctrl,,,,,,,,,,,,,,,,,,,,,,,
AJ,#N/A,Ctrl,,,,,,,,,,,,,,,,,,,,,,,
AJ,17.32629715,ISO,,,,,,,,,,,,,,,,,,,,,,,
AJ,13.6545748,ISO,,,,,,,,,,,,,,,,,,,,,,,
AJ,15.23969792,ISO,,,,,,,,,,,,,,,,,,,,,,,
AJ,15.28051719,ISO,,,,,,,,,,,,,,,,,,,,,,,
AJ,17.43941983,ISO,,,,,,,,,,,,,,,,,,,,,,,
AJ,17.41247706,ISO,,,,,,,,,,,,,,,,,,,,,,,
AJ,7.69829941,ISO,,,,,,,,,,,,,,,,,,,,,,,
AJ,14.13922405,ISO,,,,,,,,,,,,,,,,,,,,,,,
AJ,7.907313346,ISO,,,,,,,,,,,,,,,,,,,,,,,
AJ,18.73370758,ISO,,,,,,,,,,,,,,,,,,,,,,,
AJ,17.33301277,ISO,,,,,,,,,,,,,,,,,,,,,,,
AJ,14.88990002,ISO,,,,,,,,,,,,,,,,,,,,,,,
AJ,20.0218715,ISO,,,,,,,,,,,,,,,,,,,,,,,
AJ,16.72047233,ISO,,,,,,,,,,,,,,,,,,,,,,,
AJ,2.056151513,ISO,,,,,,,,,,,,,,,,,,,,,,,
AJ,6.128080458,ISO,,,,,,,,,,,,,,,,,,,,,,,
AJ,6.198277554,ISO,,,,,,,,,,,,,,,,,,,,,,,
AJ,#N/A,ISO,,,,,,,,,,,,,,,,,,,,,,,
AJ,6.892357676,ISO,,,,,,,,,,,,,,,,,,,,,,,
AJ,16.1957844,ISO,,,,,,,,,,,,,,,,,,,,,,,
AJ,9.847799002,ISO,,,,,,,,,,,,,,,,,,,,,,,
AJ,21.50026926,ISO,,,,,,,,,,,,,,,,,,,,,,,
AJ,19.65817302,ISO,,,,,,,,,,,,,,,,,,,,,,,
AJ,7.772015255,ISO,,,,,,,,,,,,,,,,,,,,,,,
AJ,11.17546725,ISO,,,,,,,,,,,,,,,,,,,,,,,
AJ,#N/A,ISO,,,,,,,,,,,,,,,,,,,,,,,
AJ,#N/A,ISO,,,,,,,,,,,,,,,,,,,,,,,
AJ,24.41174828,ISO,,,,,,,,,,,,,,,,,,,,,,,
AJ,17.09153447,ISO,,,,,,,,,,,,,,,,,,,,,,,
AJ,16.67120872,ISO,,,,,,,,,,,,,,,,,,,,,,,
AJ,#N/A,ISO,,,,,,,,,,,,,,,,,,,,,,,
Balbc,17.52008646,Ctrl,,,,,,,,,,,,,,,,,,,,,,,
Balbc,12.11107641,Ctrl,,,,,,,,,,,,,,,,,,,,,,,
Balbc,18.38537918,Ctrl,,,,,,,,,,,,,,,,,,,,,,,
Balbc,15.83467768,Ctrl,,,,,,,,,,,,,,,,,,,,,,,
Balbc,14.8996621,Ctrl,,,,,,,,,,,,,,,,,,,,,,,
Balbc,17.00828593,Ctrl,,,,,,,,,,,,,,,,,,,,,,,
Balbc,6.411795759,Ctrl,,,,,,,,,,,,,,,,,,,,,,,
Balbc,14.29936008,Ctrl,,,,,,,,,,,,,,,,,,,,,,,
Balbc,5.850281316,Ctrl,,,,,,,,,,,,,,,,,,,,,,,
Balbc,13.43647005,Ctrl,,,,,,,,,,,,,,,,,,,,,,,
Balbc,19.91687778,Ctrl,,,,,,,,,,,,,,,,,,,,,,,
Balbc,13.40476862,Ctrl,,,,,,,,,,,,,,,,,,,,,,,
Balbc,13.50848107,Ctrl,,,,,,,,,,,,,,,,,,,,,,,
Balbc,16.13827966,Ctrl,,,,,,,,,,,,,,,,,,,,,,,
Balbc,2.083306074,Ctrl,,,,,,,,,,,,,,,,,,,,,,,
Balbc,#N/A,Ctrl,,,,,,,,,,,,,,,,,,,,,,,
Balbc,4.476003452,Ctrl,,,,,,,,,,,,,,,,,,,,,,,
Balbc,#N/A,Ctrl,,,,,,,,,,,,,,,,,,,,,,,
Balbc,2.321828866,Ctrl,,,,,,,,,,,,,,,,,,,,,,,
Balbc,14.32625469,Ctrl,,,,,,,,,,,,,,,,,,,,,,,
Balbc,#N/A,Ctrl,,,,,,,,,,,,,,,,,,,,,,,
Balbc,19.57324092,Ctrl,,,,,,,,,,,,,,,,,,,,,,,
Balbc,15.9457816,Ctrl,,,,,,,,,,,,,,,,,,,,,,,
Balbc,7.475299871,Ctrl,,,,,,,,,,,,,,,,,,,,,,,
Balbc,9.779992389,Ctrl,,,,,,,,,,,,,,,,,,,,,,,
Balbc,#N/A,Ctrl,,,,,,,,,,,,,,,,,,,,,,,
Balbc,#N/A,Ctrl,,,,,,,,,,,,,,,,,,,,,,,
Balbc,21.21435355,Ctrl,,,,,,,,,,,,,,,,,,,,,,,
Balbc,14.88015071,Ctrl,,,,,,,,,,,,,,,,,,,,,,,
Balbc,17.22789632,Ctrl,,,,,,,,,,,,,,,,,,,,,,,
Balbc,#N/A,Ctrl,,,,,,,,,,,,,,,,,,,,,,,
Balbc,17.49311479,ISO,,,,,,,,,,,,,,,,,,,,,,,
Balbc,12.3079564,ISO,,,,,,,,,,,,,,,,,,,,,,,
Balbc,18.31106833,ISO,,,,,,,,,,,,,,,,,,,,,,,
Balbc,24.29452808,ISO,,,,,,,,,,,,,,,,,,,,,,,
Balbc,21.64394006,ISO,,,,,,,,,,,,,,,,,,,,,,,
Balbc,13.81239026,ISO,,,,,,,,,,,,,,,,,,,,,,,
Balbc,6.79542735,ISO,,,,,,,,,,,,,,,,,,,,,,,
Balbc,17.46622604,ISO,,,,,,,,,,,,,,,,,,,,,,,
Balbc,9.231438567,ISO,,,,,,,,,,,,,,,,,,,,,,,
Balbc,20.21839339,ISO,,,,,,,,,,,,,,,,,,,,,,,
Balbc,17.96369617,ISO,,,,,,,,,,,,,,,,,,,,,,,
Balbc,16.20733455,ISO,,,,,,,,,,,,,,,,,,,,,,,
Balbc,16.13827966,ISO,,,,,,,,,,,,,,,,,,,,,,,
Balbc,23.26231435,ISO,,,,,,,,,,,,,,,,,,,,,,,
Balbc,#N/A,ISO,,,,,,,,,,,,,,,,,,,,,,,
Balbc,#N/A,ISO,,,,,,,,,,,,,,,,,,,,,,,
Balbc,4.749307492,ISO,,,,,,,,,,,,,,,,,,,,,,,
Balbc,#N/A,ISO,,,,,,,,,,,,,,,,,,,,,,,
Balbc,4.238771204,ISO,,,,,,,,,,,,,,,,,,,,,,,
Balbc,15.79066841,ISO,,,,,,,,,,,,,,,,,,,,,,,
Balbc,10.08837726,ISO,,,,,,,,,,,,,,,,,,,,,,,
Balbc,25.36677696,ISO,,,,,,,,,,,,,,,,,,,,,,,
Balbc,22.95645428,ISO,,,,,,,,,,,,,,,,,,,,,,,
Balbc,7.631048144,ISO,,,,,,,,,,,,,,,,,,,,,,,
Balbc,11.44005447,ISO,,,,,,,,,,,,,,,,,,,,,,,
Balbc,#N/A,ISO,,,,,,,,,,,,,,,,,,,,,,,
Balbc,#N/A,ISO,,,,,,,,,,,,,,,,,,,,,,,
Balbc,20.07522064,ISO,,,,,,,,,,,,,,,,,,,,,,,
Balbc,19.0482613,ISO,,,,,,,,,,,,,,,,,,,,,,,
Balbc,19.07210865,ISO,,,,,,,,,,,,,,,,,,,,,,,
Balbc,5.374108813,ISO,,,,,,,,,,,,,,,,,,,,,,,
C57,27.85513505,Ctrl,,,,,,,,,,,,,,,,,,,,,,,
C57,14.62150742,Ctrl,,,,,,,,,,,,,,,,,,,,,,,
C57,19.65817302,Ctrl,,,,,,,,,,,,,,,,,,,,,,,
C57,15.83467768,Ctrl,,,,,,,,,,,,,,,,,,,,,,,
C57,17.60172629,Ctrl,,,,,,,,,,,,,,,,,,,,,,,
C57,15.23969792,Ctrl,,,,,,,,,,,,,,,,,,,,,,,
C57,7.436164275,Ctrl,,,,,,,,,,,,,,,,,,,,,,,
C57,16.45414187,Ctrl,,,,,,,,,,,,,,,,,,,,,,,
C57,6.514786087,Ctrl,,,,,,,,,,,,,,,,,,,,,,,
C57,14.66885024,Ctrl,,,,,,,,,,,,,,,,,,,,,,,
C57,21.63346953,Ctrl,,,,,,,,,,,,,,,,,,,,,,,
C57,16.65898819,Ctrl,,,,,,,,,,,,,,,,,,,,,,,
C57,15.61687482,Ctrl,,,,,,,,,,,,,,,,,,,,,,,
C57,21.50026926,Ctrl,,,,,,,,,,,,,,,,,,,,,,,
C57,#N/A,Ctrl,,,,,,,,,,,,,,,,,,,,,,,
C57,#N/A,Ctrl,,,,,,,,,,,,,,,,,,,,,,,
C57,4.507981143,Ctrl,,,,,,,,,,,,,,,,,,,,,,,
C57,#N/A,Ctrl,,,,,,,,,,,,,,,,,,,,,,,
C57,11.17546725,Ctrl,,,,,,,,,,,,,,,,,,,,,,,
C57,19.77821094,Ctrl,,,,,,,,,,,,,,,,,,,,,,,
C57,12.85844211,Ctrl,,,,,,,,,,,,,,,,,,,,,,,
C57,22.17219565,Ctrl,,,,,,,,,,,,,,,,,,,,,,,
C57,18.79619222,Ctrl,,,,,,,,,,,,,,,,,,,,,,,
C57,8.343028858,Ctrl,,,,,,,,,,,,,,,,,,,,,,,
C57,11.65736933,Ctrl,,,,,,,,,,,,,,,,,,,,,,,
C57,#N/A,Ctrl,,,,,,,,,,,,,,,,,,,,,,,
C57,#N/A,Ctrl,,,,,,,,,,,,,,,,,,,,,,,
C57,27.41771214,Ctrl,,,,,,,,,,,,,,,,,,,,,,,
C57,21.25892288,Ctrl,,,,,,,,,,,,,,,,,,,,,,,
C57,18.65706235,Ctrl,,,,,,,,,,,,,,,,,,,,,,,
C57,#N/A,Ctrl,,,,,,,,,,,,,,,,,,,,,,,
C57,19.09627882,ISO,,,,,,,,,,,,,,,,,,,,,,,
C57,17.09785843,ISO,,,,,,,,,,,,,,,,,,,,,,,
C57,19.00022424,ISO,,,,,,,,,,,,,,,,,,,,,,,
C57,24.29495384,ISO,,,,,,,,,,,,,,,,,,,,,,,
C57,20.64043775,ISO,,,,,,,,,,,,,,,,,,,,,,,
C57,15.9457816,ISO,,,,,,,,,,,,,,,,,,,,,,,
C57,11.34298587,ISO,,,,,,,,,,,,,,,,,,,,,,,
C57,21.24914717,ISO,,,,,,,,,,,,,,,,,,,,,,,
C57,7.316386922,ISO,,,,,,,,,,,,,,,,,,,,,,,
C57,17.63576222,ISO,,,,,,,,,,,,,,,,,,,,,,,
C57,19.81269631,ISO,,,,,,,,,,,,,,,,,,,,,,,
C57,20.11045872,ISO,,,,,,,,,,,,,,,,,,,,,,,
C57,17.46622604,ISO,,,,,,,,,,,,,,,,,,,,,,,
C57,20.45466346,ISO,,,,,,,,,,,,,,,,,,,,,,,
C57,3.900966765,ISO,,,,,,,,,,,,,,,,,,,,,,,
C57,#N/A,ISO,,,,,,,,,,,,,,,,,,,,,,,
C57,5.44101466,ISO,,,,,,,,,,,,,,,,,,,,,,,
C57,#N/A,ISO,,,,,,,,,,,,,,,,,,,,,,,
C57,5.985933716,ISO,,,,,,,,,,,,,,,,,,,,,,,
C57,#N/A,ISO,,,,,,,,,,,,,,,,,,,,,,,
C57,12.55974452,ISO,,,,,,,,,,,,,,,,,,,,,,,
C57,24.34658168,ISO,,,,,,,,,,,,,,,,,,,,,,,
C57,23.38158815,ISO,,,,,,,,,,,,,,,,,,,,,,,
C57,10.8550181,ISO,,,,,,,,,,,,,,,,,,,,,,,
C57,11.65736933,ISO,,,,,,,,,,,,,,,,,,,,,,,
C57,#N/A,ISO,,,,,,,,,,,,,,,,,,,,,,,
C57,#N/A,ISO,,,,,,,,,,,,,,,,,,,,,,,
C57,26.3679384,ISO,,,,,,,,,,,,,,,,,,,,,,,
C57,21.429478,ISO,,,,,,,,,,,,,,,,,,,,,,,
C57,22.1290164,ISO,,,,,,,,,,,,,,,,,,,,,,,
C57,#N/A,ISO,,,,,,,,,,,,,,,,,,,,,,,
CEJ,24.28176209,Ctrl,,,,,,,,,,,,,,,,,,,,,,,
CEJ,13.42060061,Ctrl,,,,,,,,,,,,,,,,,,,,,,,
CEJ,13.31439071,Ctrl,,,,,,,,,,,,,,,,,,,,,,,
CEJ,16.40623874,Ctrl,,,,,,,,,,,,,,,,,,,,,,,
CEJ,15.74654537,Ctrl,,,,,,,,,,,,,,,,,,,,,,,
CEJ,21.78920141,Ctrl,,,,,,,,,,,,,,,,,,,,,,,
CEJ,5.504313422,Ctrl,,,,,,,,,,,,,,,,,,,,,,,
CEJ,18.03473957,Ctrl,,,,,,,,,,,,,,,,,,,,,,,
CEJ,5.420251488,Ctrl,,,,,,,,,,,,,,,,,,,,,,,
CEJ,13.29498198,Ctrl,,,,,,,,,,,,,,,,,,,,,,,
CEJ,20.38128673,Ctrl,,,,,,,,,,,,,,,,,,,,,,,
CEJ,13.06555292,Ctrl,,,,,,,,,,,,,,,,,,,,,,,
CEJ,13.83762077,Ctrl,,,,,,,,,,,,,,,,,,,,,,,
CEJ,19.82998414,Ctrl,,,,,,,,,,,,,,,,,,,,,,,
CEJ,1.747371132,Ctrl,,,,,,,,,,,,,,,,,,,,,,,
CEJ,5.504313422,Ctrl,,,,,,,,,,,,,,,,,,,,,,,
CEJ,4.52236353,Ctrl,,,,,,,,,,,,,,,,,,,,,,,
CEJ,#N/A,Ctrl,,,,,,,,,,,,,,,,,,,,,,,
CEJ,5.938979283,Ctrl,,,,,,,,,,,,,,,,,,,,,,,
CEJ,20.89712479,Ctrl,,,,,,,,,,,,,,,,,,,,,,,
CEJ,13.89685193,Ctrl,,,,,,,,,,,,,,,,,,,,,,,
CEJ,44.23967198,Ctrl,,,,,,,,,,,,,,,,,,,,,,,
CEJ,17.79444922,Ctrl,,,,,,,,,,,,,,,,,,,,,,,
CEJ,7.005024564,Ctrl,,,,,,,,,,,,,,,,,,,,,,,
CEJ,9.856411074,Ctrl,,,,,,,,,,,,,,,,,,,,,,,
CEJ,#N/A,Ctrl,,,,,,,,,,,,,,,,,,,,,,,
CEJ,#N/A,Ctrl,,,,,,,,,,,,,,,,,,,,,,,
CEJ,27.68491355,Ctrl,,,,,,,,,,,,,,,,,,,,,,,
CEJ,19.08812768,Ctrl,,,,,,,,,,,,,,,,,,,,,,,
CEJ,19.48958753,Ctrl,,,,,,,,,,,,,,,,,,,,,,,
CEJ,#N/A,Ctrl,,,,,,,,,,,,,,,,,,,,,,,
CEJ,16.30052396,ISO,,,,,,,,,,,,,,,,,,,,,,,
CEJ,14.88015071,ISO,,,,,,,,,,,,,,,,,,,,,,,
CEJ,19.96938046,ISO,,,,,,,,,,,,,,,,,,,,,,,
CEJ,20.21839339,ISO,,,,,,,,,,,,,,,,,,,,,,,
CEJ,17.20181612,ISO,,,,,,,,,,,,,,,,,,,,,,,
CEJ,19.27443358,ISO,,,,,,,,,,,,,,,,,,,,,,,
CEJ,6.201660409,ISO,,,,,,,,,,,,,,,,,,,,,,,
CEJ,18.40002072,ISO,,,,,,,,,,,,,,,,,,,,,,,
CEJ,8.734488619,ISO,,,,,,,,,,,,,,,,,,,,,,,
CEJ,19.40610282,ISO,,,,,,,,,,,,,,,,,,,,,,,
CEJ,18.5502109,ISO,,,,,,,,,,,,,,,,,,,,,,,
CEJ,19.38981707,ISO,,,,,,,,,,,,,,,,,,,,,,,
CEJ,16.73258131,ISO,,,,,,,,,,,,,,,,,,,,,,,
CEJ,19.57351728,ISO,,,,,,,,,,,,,,,,,,,,,,,
CEJ,#N/A,ISO,,,,,,,,,,,,,,,,,,,,,,,
CEJ,6.017633919,ISO,,,,,,,,,,,,,,,,,,,,,,,
CEJ,6.368613725,ISO,,,,,,,,,,,,,,,,,,,,,,,
CEJ,#N/A,ISO,,,,,,,,,,,,,,,,,,,,,,,
CEJ,4.947941155,ISO,,,,,,,,,,,,,,,,,,,,,,,
CEJ,26.74024191,ISO,,,,,,,,,,,,,,,,,,,,,,,
CEJ,#N/A,ISO,,,,,,,,,,,,,,,,,,,,,,,
CEJ,23.3339678,ISO,,,,,,,,,,,,,,,,,,,,,,,
CEJ,21.41921389,ISO,,,,,,,,,,,,,,,,,,,,,,,
CEJ,9.74643804,ISO,,,,,,,,,,,,,,,,,,,,,,,
CEJ,10.38360519,ISO,,,,,,,,,,,,,,,,,,,,,,,
CEJ,#N/A,ISO,,,,,,,,,,,,,,,,,,,,,,,
CEJ,#N/A,ISO,,,,,,,,,,,,,,,,,,,,,,,
CEJ,26.53702835,ISO,,,,,,,,,,,,,,,,,,,,,,,
CEJ,20.86849859,ISO,,,,,,,,,,,,,,,,,,,,,,,
CEJ,20.75415236,ISO,,,,,,,,,,,,,,,,,,,,,,,
CEJ,#N/A,ISO,,,,,,,,,,,,,,,,,,,,,,,
DBA,17.66993004,Ctrl,,,,,,,,,,,,,,,,,,,,,,,
DBA,15.44686517,Ctrl,,,,,,,,,,,,,,,,,,,,,,,
DBA,18.26691388,Ctrl,,,,,,,,,,,,,,,,,,,,,,,
DBA,21.00350531,Ctrl,,,,,,,,,,,,,,,,,,,,,,,
DBA,18.93715403,Ctrl,,,,,,,,,,,,,,,,,,,,,,,
DBA,17.56070027,Ctrl,,,,,,,,,,,,,,,,,,,,,,,
DBA,6.779210733,Ctrl,,,,,,,,,,,,,,,,,,,,,,,
DBA,19.64090506,Ctrl,,,,,,,,,,,,,,,,,,,,,,,
DBA,7.460575844,Ctrl,,,,,,,,,,,,,,,,,,,,,,,
DBA,16.38258522,Ctrl,,,,,,,,,,,,,,,,,,,,,,,
DBA,22.54613758,Ctrl,,,,,,,,,,,,,,,,,,,,,,,
DBA,14.72588019,Ctrl,,,,,,,,,,,,,,,,,,,,,,,
DBA,17.52695317,Ctrl,,,,,,,,,,,,,,,,,,,,,,,
DBA,17.04655896,Ctrl,,,,,,,,,,,,,,,,,,,,,,,
DBA,#N/A,Ctrl,,,,,,,,,,,,,,,,,,,,,,,
DBA,6.548545602,Ctrl,,,,,,,,,,,,,,,,,,,,,,,
DBA,4.092140275,Ctrl,,,,,,,,,,,,,,,,,,,,,,,
DBA,#N/A,Ctrl,,,,,,,,,,,,,,,,,,,,,,,
DBA,3.631533568,Ctrl,,,,,,,,,,,,,,,,,,,,,,,
DBA,19.39795653,Ctrl,,,,,,,,,,,,,,,,,,,,,,,
DBA,10.54264348,Ctrl,,,,,,,,,,,,,,,,,,,,,,,
DBA,23.32179875,Ctrl,,,,,,,,,,,,,,,,,,,,,,,
DBA,20.65920095,Ctrl,,,,,,,,,,,,,,,,,,,,,,,
DBA,8.602082187,Ctrl,,,,,,,,,,,,,,,,,,,,,,,
DBA,10.24312549,Ctrl,,,,,,,,,,,,,,,,,,,,,,,
DBA,#N/A,Ctrl,,,,,,,,,,,,,,,,,,,,,,,
DBA,#N/A,Ctrl,,,,,,,,,,,,,,,,,,,,,,,
DBA,24.85289281,Ctrl,,,,,,,,,,,,,,,,,,,,,,,
DBA,19.7438454,Ctrl,,,,,,,,,,,,,,,,,,,,,,,
DBA,22.30275043,Ctrl,,,,,,,,,,,,,,,,,,,,,,,
DBA,#N/A,Ctrl,,,,,,,,,,,,,,,,,,,,,,,
DBA,19.35678686,ISO,,,,,,,,,,,,,,,,,,,,,,,
DBA,15.44686517,ISO,,,,,,,,,,,,,,,,,,,,,,,
DBA,25.46556378,ISO,,,,,,,,,,,,,,,,,,,,,,,
DBA,28.5198807,ISO,,,,,,,,,,,,,,,,,,,,,,,
DBA,24.17842823,ISO,,,,,,,,,,,,,,,,,,,,,,,
DBA,19.48958753,ISO,,,,,,,,,,,,,,,,,,,,,,,
DBA,7.278893387,ISO,,,,,,,,,,,,,,,,,,,,,,,
DBA,18.51255757,ISO,,,,,,,,,,,,,,,,,,,,,,,
DBA,6.996398383,ISO,,,,,,,,,,,,,,,,,,,,,,,
DBA,20.67799829,ISO,,,,,,,,,,,,,,,,,,,,,,,
DBA,20.34479544,ISO,,,,,,,,,,,,,,,,,,,,,,,
DBA,20.71136285,ISO,,,,,,,,,,,,,,,,,,,,,,,
DBA,19.52279797,ISO,,,,,,,,,,,,,,,,,,,,,,,
DBA,20.68787287,ISO,,,,,,,,,,,,,,,,,,,,,,,
DBA,#N/A,ISO,,,,,,,,,,,,,,,,,,,,,,,
DBA,4.444476237,ISO,,,,,,,,,,,,,,,,,,,,,,,
DBA,5.135907266,ISO,,,,,,,,,,,,,,,,,,,,,,,
DBA,#N/A,ISO,,,,,,,,,,,,,,,,,,,,,,,
DBA,3.344869059,ISO,,,,,,,,,,,,,,,,,,,,,,,
DBA,14.46316496,ISO,,,,,,,,,,,,,,,,,,,,,,,
DBA,7.340017161,ISO,,,,,,,,,,,,,,,,,,,,,,,
DBA,24.78535295,ISO,,,,,,,,,,,,,,,,,,,,,,,
DBA,25.68162951,ISO,,,,,,,,,,,,,,,,,,,,,,,
DBA,9.376230021,ISO,,,,,,,,,,,,,,,,,,,,,,,
DBA,10.7624865,ISO,,,,,,,,,,,,,,,,,,,,,,,
DBA,#N/A,ISO,,,,,,,,,,,,,,,,,,,,,,,
DBA,#N/A,ISO,,,,,,,,,,,,,,,,,,,,,,,
DBA,28.66376563,ISO,,,,,,,,,,,,,,,,,,,,,,,
DBA,22.34661102,ISO,,,,,,,,,,,,,,,,,,,,,,,
DBA,18.34062341,ISO,,,,,,,,,,,,,,,,,,,,,,,
DBA,#N/A,ISO,,,,,,,,,,,,,,,,,,,,,,,
FVB,24.43842966,Ctrl,,,,,,,,,,,,,,,,,,,,,,,
FVB,10.12884399,Ctrl,,,,,,,,,,,,,,,,,,,,,,,
FVB,18.98461232,Ctrl,,,,,,,,,,,,,,,,,,,,,,,
FVB,7.820242349,Ctrl,,,,,,,,,,,,,,,,,,,,,,,
FVB,16.44223739,Ctrl,,,,,,,,,,,,,,,,,,,,,,,
FVB,16.64698546,Ctrl,,,,,,,,,,,,,,,,,,,,,,,
FVB,5.954565749,Ctrl,,,,,,,,,,,,,,,,,,,,,,,
FVB,15.28068562,Ctrl,,,,,,,,,,,,,,,,,,,,,,,
FVB,4.783294324,Ctrl,,,,,,,,,,,,,,,,,,,,,,,
FVB,12.82928789,Ctrl,,,,,,,,,,,,,,,,,,,,,,,
FVB,19.01638355,Ctrl,,,,,,,,,,,,,,,,,,,,,,,
FVB,13.02051621,Ctrl,,,,,,,,,,,,,,,,,,,,,,,
FVB,14.1744991,Ctrl,,,,,,,,,,,,,,,,,,,,,,,
FVB,20.86849859,Ctrl,,,,,,,,,,,,,,,,,,,,,,,
FVB,2.192719631,Ctrl,,,,,,,,,,,,,,,,,,,,,,,
FVB,#N/A,Ctrl,,,,,,,,,,,,,,,,,,,,,,,
FVB,3.981670858,Ctrl,,,,,,,,,,,,,,,,,,,,,,,
FVB,#N/A,Ctrl,,,,,,,,,,,,,,,,,,,,,,,
FVB,18.73370758,Ctrl,,,,,,,,,,,,,,,,,,,,,,,
FVB,20.4915503,Ctrl,,,,,,,,,,,,,,,,,,,,,,,
FVB,#N/A,Ctrl,,,,,,,,,,,,,,,,,,,,,,,
FVB,21.33876737,Ctrl,,,,,,,,,,,,,,,,,,,,,,,
FVB,16.60431622,Ctrl,,,,,,,,,,,,,,,,,,,,,,,
FVB,8.1866488,Ctrl,,,,,,,,,,,,,,,,,,,,,,,
FVB,10.16516246,Ctrl,,,,,,,,,,,,,,,,,,,,,,,
FVB,#N/A,Ctrl,,,,,,,,,,,,,,,,,,,,,,,
FVB,#N/A,Ctrl,,,,,,,,,,,,,,,,,,,,,,,
FVB,21.54102743,Ctrl,,,,,,,,,,,,,,,,,,,,,,,
FVB,18.40002072,Ctrl,,,,,,,,,,,,,,,,,,,,,,,
FVB,16.84440293,Ctrl,,,,,,,,,,,,,,,,,,,,,,,
FVB,#N/A,Ctrl,,,,,,,,,,,,,,,,,,,,,,,
FVB,18.84268963,ISO,,,,,,,,,,,,,,,,,,,,,,,
FVB,13.68747024,ISO,,,,,,,,,,,,,,,,,,,,,,,
FVB,18.07801316,ISO,,,,,,,,,,,,,,,,,,,,,,,
FVB,11.38266164,ISO,,,,,,,,,,,,,,,,,,,,,,,
FVB,22.28088464,ISO,,,,,,,,,,,,,,,,,,,,,,,
FVB,22.47923401,ISO,,,,,,,,,,,,,,,,,,,,,,,
FVB,#N/A,ISO,,,,,,,,,,,,,,,,,,,,,,,
FVB,21.10101314,ISO,,,,,,,,,,,,,,,,,,,,,,,
FVB,8.228145209,ISO,,,,,,,,,,,,,,,,,,,,,,,
FVB,19.44775558,ISO,,,,,,,,,,,,,,,,,,,,,,,
FVB,19.7438454,ISO,,,,,,,,,,,,,,,,,,,,,,,
FVB,18.92138729,ISO,,,,,,,,,,,,,,,,,,,,,,,
FVB,18.03473957,ISO,,,,,,,,,,,,,,,,,,,,,,,
FVB,17.85035617,ISO,,,,,,,,,,,,,,,,,,,,,,,
FVB,2.80324501,ISO,,,,,,,,,,,,,,,,,,,,,,,
FVB,#N/A,ISO,,,,,,,,,,,,,,,,,,,,,,,
FVB,4.114390069,ISO,,,,,,,,,,,,,,,,,,,,,,,
FVB,#N/A,ISO,,,,,,,,,,,,,,,,,,,,,,,
FVB,6.55235268,ISO,,,,,,,,,,,,,,,,,,,,,,,
FVB,25.23931037,ISO,,,,,,,,,,,,,,,,,,,,,,,
FVB,#N/A,ISO,,,,,,,,,,,,,,,,,,,,,,,
FVB,26.39856726,ISO,,,,,,,,,,,,,,,,,,,,,,,
FVB,23.69895995,ISO,,,,,,,,,,,,,,,,,,,,,,,
FVB,9.205264088,ISO,,,,,,,,,,,,,,,,,,,,,,,
FVB,12.19556585,ISO,,,,,,,,,,,,,,,,,,,,,,,
FVB,#N/A,ISO,,,,,,,,,,,,,,,,,,,,,,,
FVB,#N/A,ISO,,,,,,,,,,,,,,,,,,,,,,,
FVB,26.59914734,ISO,,,,,,,,,,,,,,,,,,,,,,,
FVB,24.35941594,ISO,,,,,,,,,,,,,,,,,,,,,,,
FVB,20.45466346,ISO,,,,,,,,,,,,,,,,,,,,,,,
FVB,#N/A,ISO,,,,,,,,,,,,,,,,,,,,,,,